duration_true,duration_pred_best
6.016666666666667,5.608425617218018
0.0,-0.01434685755521059
0.0,-0.09274578094482422
0.0,0.11270722001791
0.0,0.12101703137159348
52.25,49.08537292480469
0.0,-0.023980995640158653
39.766666666666666,58.89806365966797
13.4,13.258082389831543
0.0,0.03450632467865944
28.28333333333333,27.264076232910156
34.81666666666667,40.73094940185547
10.266666666666667,10.96742057800293
25.08333333333333,23.589618682861328
2.7333333333333334,2.207613229751587
6.2,6.489140033721924
28.366666666666667,29.522153854370117
0.0,0.0662040039896965
67.63333333333334,67.76305389404297
3.45,3.2075560092926025
6.0,6.127906322479248
110.2,127.80853271484375
51.53333333333333,29.73823356628418
23.183333333333334,22.970216751098633
4.633333333333334,4.435583591461182
33.266666666666666,39.210121154785156
10.65,10.884271621704102
43.63333333333333,53.8540153503418
0.0,0.04507550224661827
84.38333333333334,88.4612045288086
188.9333333333333,170.49485778808594
92.43333333333334,96.32207489013672
18.4,18.406137466430664
9.616666666666667,10.827507972717285
27.816666666666663,28.80392837524414
58.38333333333333,58.38063430786133
32.3,26.681644439697266
400.1166666666667,236.94390869140625
0.0,0.03450632467865944
51.96666666666667,52.07832336425781
0.0,0.0662040039896965
0.0,0.02007187344133854
8.4,9.14091682434082
0.0,0.0662040039896965
166.56666666666666,221.24896240234375
0.0,0.06442741304636002
53.73333333333333,65.59182739257812
0.0,0.03450632467865944
2.05,2.148660898208618
0.0,0.01575639098882675
0.0,0.06442741304636002
0.0,0.02007187344133854
49.4,47.78459930419922
13.233333333333333,12.972716331481934
0.0,0.02007187344133854
167.86666666666667,148.51571655273438
10.483333333333333,11.497918128967285
80.63333333333334,101.48827362060547
55.98333333333333,59.35311508178711
0.0,0.055918484926223755
16.816666666666666,15.358809471130371
0.0,0.028832389041781425
0.0,0.0662040039896965
109.65,129.7087860107422
79.63333333333334,83.56383514404297
0.0,0.06442741304636002
0.0,0.03450632467865944
15.933333333333334,18.3573055267334
0.0,0.06442741304636002
78.53333333333333,75.16568756103516
0.0,0.03450632467865944
115.91666666666669,140.63980102539062
2.45,2.50406551361084
0.0,0.0662040039896965
9.333333333333334,10.133299827575684
85.78333333333333,91.04071044921875
0.0,0.0662040039896965
0.0,0.03450632467865944
0.0,-0.0037067639641463757
3.4833333333333334,4.080036163330078
0.0,0.03450632467865944
0.0,-0.002331346971914172
0.0,0.0662040039896965
0.0,0.02007187344133854
4.9,4.937239646911621
90.16666666666669,86.21122741699219
12.8,14.889951705932617
17.55,15.902029037475586
0.0,0.0662040039896965
0.0,0.02007187344133854
19.566666666666663,20.83846664428711
12.583333333333334,13.34017562866211
0.0,0.03450632467865944
0.0,0.0662040039896965
2.1,2.0444276332855225
0.0,0.01144402101635933
64.96666666666667,62.22738265991211
26.33333333333333,25.498287200927734
3.783333333333333,4.128775119781494
6.916666666666667,6.971029281616211
0.0,0.17948786914348602
2.066666666666667,1.5740251541137695
40.083333333333336,36.26277542114258
31.916666666666668,31.203113555908203
0.0,0.010957710444927216
7.716666666666667,7.4327263832092285
0.0,0.03450632467865944
20.433333333333334,20.113239288330078
33.06666666666667,32.34539031982422
27.966666666666665,29.45526885986328
0.0,0.028794918209314346
40.3,38.73380661010742
0.0,0.03450632467865944
8.133333333333333,7.920647144317627
251.91666666666663,169.93006896972656
0.0,0.0662040039896965
90.03333333333333,92.24384307861328
83.7,84.75841522216797
11.616666666666667,12.432324409484863
16.783333333333335,17.19564437866211
43.11666666666667,43.70594787597656
0.0,0.0662040039896965
0.0,0.03450632467865944
0.0,0.005417217034846544
0.0,0.007634276989847422
18.2,26.948863983154297
0.0,0.026712695136666298
0.0,0.0662040039896965
0.0,0.03450632467865944
70.73333333333333,66.21533966064453
114.18333333333334,129.30050659179688
3.183333333333333,3.96791934967041
29.516666666666666,29.362567901611328
0.0,0.0662040039896965
5.816666666666666,5.2975945472717285
78.16666666666667,75.49284362792969
156.71666666666667,156.08348083496094
2.316666666666667,2.3803062438964844
22.616666666666667,26.367467880249023
7.05,6.765679359436035
0.0,0.0662040039896965
1.7333333333333334,0.7569130659103394
7.233333333333333,7.041687488555908
25.95,25.8282470703125
0.0,0.06442741304636002
159.05,133.03839111328125
75.8,87.18952941894531
113.31666666666666,107.44055938720703
77.08333333333333,82.03121185302734
0.0,0.02040390484035015
50.23333333333333,54.998104095458984
0.0,-0.07336745411157608
49.91666666666666,46.47562026977539
0.0,0.0662040039896965
25.566666666666663,26.710914611816406
154.25,117.20558166503906
171.1,158.3532257080078
98.18333333333334,98.78298950195312
80.63333333333334,79.11456298828125
114.75,119.3246078491211
3.533333333333333,3.7129857540130615
100.95,96.62100219726562
0.0,0.044057875871658325
64.95,68.23338317871094
0.0,-0.0005566937616094947
190.71666666666667,277.82550048828125
0.0,0.02612321823835373
0.0,0.0662040039896965
0.0,0.32585325837135315
86.45,79.8597640991211
0.0,0.0662040039896965
30.2,31.903282165527344
171.31666666666666,175.0102081298828
0.0,0.06442741304636002
0.0,0.029623426496982574
39.016666666666666,37.89603042602539
56.1,58.13618469238281
86.6,86.84553527832031
0.0,-0.0010307328775525093
37.583333333333336,37.102596282958984
19.183333333333334,19.37882423400879
0.0,0.030368031933903694
183.16666666666663,153.1306915283203
37.66666666666666,37.9381103515625
129.71666666666667,98.979736328125
49.81666666666667,41.9100227355957
11.15,11.936466217041016
15.316666666666666,14.810474395751953
1.8333333333333333,0.5045100450515747
141.16666666666666,132.7057647705078
10.133333333333333,10.830655097961426
0.0,0.06442741304636002
0.0,0.029623426496982574
133.06666666666666,125.63219451904297
0.0,0.06442741304636002
0.0,0.044057875871658325
0.0,0.0053469049744307995
40.75,44.642189025878906
0.0,0.029433468356728554
16.5,19.6247615814209
14.916666666666666,14.422873497009277
19.75,19.309616088867188
0.0,-0.015719525516033173
0.0,0.0662040039896965
48.63333333333333,75.11013793945312
211.91666666666663,345.2289123535156
0.0,0.029623426496982574
19.933333333333334,20.574710845947266
192.66666666666663,170.31454467773438
0.0,0.0048517752438783646
34.63333333333333,34.55988311767578
0.0,0.05723952502012253
2.066666666666667,1.8217185735702515
0.0,0.044057875871658325
2.316666666666667,2.4316487312316895
5.066666666666666,4.970114231109619
0.0,0.0662040039896965
0.0,0.03995388001203537
0.0,-0.1781972050666809
0.0,0.0662040039896965
12.25,14.548863410949707
19.266666666666666,19.8704833984375
0.0,0.044057875871658325
0.0,9.275146294385195e-05
53.86666666666667,52.365047454833984
8.616666666666667,9.050910949707031
0.0,-0.05720895528793335
26.45,26.69285011291504
0.0,0.044057875871658325
0.0,-0.0014020053204149008
0.0,0.044057875871658325
0.0,0.0662040039896965
0.0,-0.02196774259209633
0.0,0.044057875871658325
92.46666666666668,87.99161529541016
57.766666666666666,60.966129302978516
26.066666666666663,26.600452423095703
103.25,97.64675903320312
0.0,0.0662040039896965
63.61666666666667,78.222412109375
39.7,39.734737396240234
0.0,0.06442741304636002
57.333333333333336,54.57415771484375
124.43333333333334,130.1494598388672
5.35,5.5727338790893555
16.766666666666666,17.889955520629883
0.0,0.0010941079817712307
28.28333333333333,27.86091423034668
45.91666666666666,48.941593170166016
11.516666666666667,10.80878734588623
93.93333333333334,83.5516128540039
12.083333333333334,12.543068885803223
131.41666666666666,115.26097869873047
21.316666666666663,25.725648880004883
9.85,9.81716251373291
107.91666666666669,113.03985595703125
8.283333333333333,9.56276798248291
109.95,110.8779525756836
8.733333333333333,9.551044464111328
0.0,0.02985796518623829
0.0,0.06442741304636002
122.81666666666666,110.7453842163086
0.0,-0.13312047719955444
107.21666666666668,124.80810546875
0.0,0.029623426496982574
60.68333333333333,60.75161361694336
0.0,0.03995388001203537
96.06666666666666,100.4146499633789
29.716666666666665,32.15732192993164
0.0,0.0662040039896965
44.016666666666666,44.685546875
0.0,-0.011927232146263123
0.0,0.0662040039896965
39.56666666666667,40.22563552856445
33.63333333333333,33.60065841674805
52.88333333333333,51.75844955444336
44.15,44.023101806640625
7.55,7.817767143249512
88.08333333333333,110.67318725585938
50.4,48.99732971191406
0.0,0.0662040039896965
15.566666666666666,15.870477676391602
59.31666666666667,63.9972038269043
0.0,0.0662040039896965
19.8,17.548343658447266
3.6666666666666665,4.199280738830566
95.85,99.00117492675781
0.0,0.029623426496982574
0.0,0.020458251237869263
7.25,7.018531322479248
2.7,2.495666980743408
0.0166666666666666,-2.9890499114990234
0.0,0.0662040039896965
0.0,0.029623426496982574
0.0,-0.10076373815536499
0.0,0.0662040039896965
2.066666666666667,1.356596827507019
28.383333333333333,29.77573013305664
0.0,0.0662040039896965
39.23333333333333,38.75362777709961
4.65,4.9878830909729
0.0,0.029623426496982574
0.0,0.029623426496982574
1.3833333333333333,0.771776556968689
45.25,44.882022857666016
7.283333333333333,8.047518730163574
0.6833333333333333,-0.18637298047542572
0.0,0.029623426496982574
0.0,-0.03809763118624687
43.16666666666666,44.40463638305664
76.9,79.03372192382812
35.96666666666667,40.416744232177734
0.0,0.0662040039896965
31.73333333333333,33.71117401123047
0.0,0.01873881369829178
0.0,0.06442741304636002
0.0,0.029623426496982574
43.95,42.1717529296875
60.36666666666667,63.678897857666016
10.783333333333331,11.484480857849121
0.0,-0.0009019378339871764
0.0,0.0662040039896965
71.3,73.80604553222656
36.38333333333333,35.47833251953125
0.0,0.044057875871658325
29.216666666666665,29.014362335205078
0.0,0.044057875871658325
74.81666666666666,82.38423919677734
102.76666666666668,110.78234100341797
92.85,338.9529724121094
13.45,13.937689781188965
4.533333333333333,4.841551780700684
0.0,0.029623426496982574
62.3,54.63618087768555
27.5,28.23063850402832
89.11666666666666,92.67739868164062
7.733333333333333,9.740216255187988
29.133333333333333,26.91250991821289
57.05,63.11258316040039
14.333333333333334,15.186275482177734
0.0,0.0662040039896965
0.0,0.044057875871658325
9.7,9.001845359802246
12.283333333333331,14.101956367492676
5.5,6.067707538604736
0.0,0.0662040039896965
0.0,-0.0016351791564375162
40.65,40.07040786743164
9.633333333333333,10.031488418579102
22.933333333333334,23.727441787719727
0.0,-0.001509466441348195
0.0,0.0662040039896965
0.0,0.044057875871658325
0.0,0.015739694237709045
57.0,55.166664123535156
17.416666666666668,17.849510192871094
6.433333333333334,7.814804553985596
0.0,0.0662040039896965
50.96666666666667,45.581993103027344
20.35,19.852859497070312
13.916666666666666,12.641623497009277
2.2666666666666666,2.366077184677124
1.35,1.1168032884597778
58.36666666666667,63.32770538330078
0.0,0.044057875871658325
3.3,3.1264841556549072
0.0,0.0662040039896965
60.35,58.11654281616211
0.0,0.04560608044266701
0.0,0.0662040039896965
65.76666666666667,70.61898040771484
9.483333333333333,9.500341415405273
2.8833333333333333,1.9657142162322998
12.366666666666667,11.192317962646484
0.0,0.0662040039896965
53.98333333333333,56.7988395690918
19.2,21.26183319091797
0.0,0.0662040039896965
22.183333333333334,23.246450424194336
6.466666666666667,6.810543060302734
11.75,12.462045669555664
3.6666666666666665,2.844482898712158
0.0,-0.001880074036307633
19.433333333333334,20.186511993408203
0.0,-0.008690865710377693
0.0,0.029623426496982574
0.0,0.013615714386105537
0.0,0.0662040039896965
42.38333333333333,41.58814239501953
0.0,-0.0005627296632155776
31.516666666666666,29.949203491210938
0.0,0.2886936664581299
23.216666666666665,25.706382751464844
0.0,-0.0015108203515410423
0.0,0.044057875871658325
4.416666666666667,4.940427780151367
22.58333333333333,26.65702247619629
17.466666666666665,18.14109992980957
13.4,12.881954193115234
0.0,0.0662040039896965
0.0,0.044057875871658325
9.6,9.29421329498291
0.7833333333333333,0.07503867149353027
14.55,15.796460151672363
23.95,23.662981033325195
0.0,-0.002916457364335656
4.85,5.112154483795166
15.9,17.746963500976562
17.75,17.38915252685547
0.0,0.029623426496982574
0.0,0.012002257630228996
14.033333333333331,15.188016891479492
0.0,0.044057875871658325
7.183333333333334,7.6466383934021
0.0,0.029623426496982574
0.0,0.0662040039896965
0.0,-0.053445637226104736
0.0,0.044057875871658325
0.0,0.0662040039896965
62.61666666666667,63.870540618896484
0.0,0.02069142460823059
11.05,11.078383445739746
0.0,-0.021409587934613228
0.0,0.029623426496982574
0.0,0.06442741304636002
0.0,0.02670188993215561
29.05,29.36464500427246
0.0,0.0662040039896965
0.0,0.0662040039896965
17.2,15.894696235656738
0.0,0.029623426496982574
0.0,0.005775044206529856
12.733333333333333,11.977944374084473
61.6,54.178428649902344
10.1,11.056018829345703
32.233333333333334,30.921173095703125
126.58333333333331,122.26569366455078
0.0,0.044057875871658325
13.85,12.26353931427002
0.0,-0.012717174366116524
0.0,0.029623426496982574
18.183333333333334,18.87761878967285
0.0,0.021768540143966675
0.0,0.05438833683729172
67.61666666666666,72.30010986328125
0.0,-0.02894062176346779
0.0,0.0662040039896965
12.933333333333334,11.82565975189209
8.016666666666667,8.427845001220703
0.0,0.0662040039896965
3.933333333333333,4.588672161102295
131.26666666666668,120.71875
22.83333333333333,22.17963409423828
20.85,22.412311553955078
0.0,-0.05019620060920715
86.18333333333334,88.04370880126953
18.883333333333333,25.581893920898438
39.28333333333333,34.427947998046875
5.883333333333334,6.59739875793457
0.0,0.044057875871658325
100.01666666666668,101.88446807861328
32.43333333333333,26.36467170715332
0.0,0.0662040039896965
77.48333333333333,85.2601089477539
26.2,26.163150787353516
0.0,0.044057875871658325
0.0,-0.007861409336328506
0.0,0.0662040039896965
0.0,0.044057875871658325
73.36666666666666,67.9751968383789
0.0,0.0662040039896965
47.85,51.638336181640625
8.033333333333333,8.483278274536133
0.0,0.0662040039896965
0.0,0.044057875871658325
27.433333333333334,27.924671173095703
28.65,26.93061637878418
20.03333333333333,26.29505729675293
100.8,88.19424438476562
26.1,28.844419479370117
153.46666666666667,271.3139953613281
149.23333333333332,156.52813720703125
0.0,0.029623426496982574
176.13333333333333,215.19073486328125
42.583333333333336,52.86918258666992
59.03333333333333,80.12743377685547
35.88333333333333,34.465293884277344
106.18333333333334,112.3250961303711
20.316666666666663,18.880022048950195
115.25,116.09626007080078
0.0,0.05566107854247093
49.41666666666666,48.2523307800293
12.7,14.224761962890625
75.21666666666667,70.38956451416016
37.03333333333333,37.58595657348633
0.0,0.029623426496982574
0.0,0.0662040039896965
24.966666666666665,24.783668518066406
0.0,0.026101525872945786
8.366666666666667,8.471282958984375
0.0,-0.015359441749751568
23.383333333333333,21.66410255432129
0.0,0.044057875871658325
47.86666666666667,54.4322624206543
0.0,0.0662040039896965
33.95,33.7902946472168
0.0,-0.008094582706689835
11.6,12.463793754577637
145.66666666666666,163.0743408203125
5.65,6.042169570922852
0.0,0.0662040039896965
17.783333333333335,17.69046401977539
15.483333333333333,16.90325355529785
8.416666666666666,8.441984176635742
0.0,0.029623426496982574
39.8,45.298362731933594
0.0,0.0662040039896965
0.0,0.029623426496982574
64.36666666666666,63.388526916503906
0.0,0.0662040039896965
177.78333333333333,157.34922790527344
19.816666666666663,23.502851486206055
0.0,0.0662040039896965
0.0,0.029623426496982574
13.85,15.865653038024902
42.73333333333333,42.82509994506836
109.33333333333331,108.7203598022461
0.0,-0.026578813791275024
0.0,0.007634276989847422
0.0,0.044057875871658325
0.0,0.03450632467865944
0.0,0.04607018828392029
25.166666666666668,26.24276351928711
0.0,0.02007187344133854
0.0,-0.003718199674040079
0.0,0.04417568817734718
46.583333333333336,47.08094787597656
10.5,10.778899192810059
36.03333333333333,39.50559997558594
156.41666666666666,146.46337890625
13.833333333333334,16.83854866027832
87.61666666666666,93.37787628173828
7.15,7.213501453399658
31.466666666666665,32.99531173706055
12.75,13.090483665466309
0.0,0.02007187344133854
34.45,35.086341857910156
24.5,28.109941482543945
85.0,87.16131591796875
0.0,-0.011515830643475056
0.0,0.0662040039896965
35.96666666666667,37.193519592285156
10.233333333333333,10.482196807861328
0.0,0.07242698967456818
0.0,-0.009908025152981281
41.86666666666667,50.99348068237305
5.25,5.650336265563965
81.01666666666667,95.37801361083984
0.0,0.08910560607910156
3.216666666666667,3.2679197788238525
17.083333333333332,16.285491943359375
0.0,0.055130090564489365
16.516666666666666,16.42648696899414
0.0,0.03191542625427246
27.216666666666665,40.1517448425293
20.9,19.109249114990234
26.25,23.771472930908203
0.0,0.0662040039896965
48.18333333333333,47.45063781738281
8.85,8.563237190246582
0.0,0.06442741304636002
19.916666666666668,19.56736183166504
10.2,10.360963821411133
0.0,0.23958639800548553
5.666666666666667,4.189138412475586
0.0,0.0662040039896965
0.0,0.2140698879957199
0.0,0.20045135915279388
21.866666666666667,23.890155792236328
0.0,0.024743273854255676
0.0,0.0662040039896965
18.5,16.287960052490234
9.166666666666666,9.72193431854248
0.0,-0.022492559626698494
33.6,33.59077835083008
50.98333333333333,64.66570281982422
13.333333333333334,13.593509674072266
62.7,68.9301986694336
252.6833333333333,152.4562225341797
187.4833333333333,276.3075256347656
8.083333333333334,8.06067180633545
0.0,0.3654230237007141
38.7,60.88657760620117
44.48333333333333,46.541561126708984
0.0,0.05908278375864029
59.96666666666667,60.68186950683594
59.95,63.58258819580078
12.5,11.706339836120605
206.31666666666663,172.3016815185547
1.8833333333333333,1.4072515964508057
110.61666666666666,118.43993377685547
0.0,0.0662040039896965
2.7333333333333334,2.2279107570648193
148.73333333333332,214.55465698242188
22.7,24.04689598083496
187.15,188.23707580566406
0.0,0.06442741304636002
0.0,-0.3539787828922272
3.583333333333333,3.807114362716675
0.0,0.06442741304636002
0.0,0.02007187344133854
36.86666666666667,37.06898498535156
0.0,0.0821375623345375
0.0,0.20846043527126312
0.0,-0.035473089665174484
8.75,9.322803497314453
379.5833333333333,205.19679260253906
0.0,-0.05257488042116165
0.0,0.0662040039896965
71.2,67.52183532714844
0.0,0.026430796831846237
0.0,0.024566499516367912
3.2,3.879532814025879
16.8,17.416810989379883
8.933333333333334,10.234343528747559
0.0,0.035078760236501694
23.6,23.53243064880371
3.9,3.580066204071045
50.46666666666667,47.823997497558594
0.0,0.0662040039896965
7.466666666666667,8.285285949707031
0.0,0.01739368960261345
6.933333333333334,6.88492488861084
0.0,0.02007187344133854
4.033333333333333,4.9511284828186035
0.0,0.06442741304636002
18.23333333333333,17.629304885864258
31.133333333333333,31.243209838867188
4.95,5.594595432281494
0.0,0.02007187344133854
48.833333333333336,61.91752624511719
16.85,17.71176528930664
0.0,0.03450632467865944
62.61666666666667,55.69871520996094
7.566666666666666,8.130043983459473
102.7,102.84333801269531
138.18333333333334,138.228271484375
40.38333333333333,43.766746520996094
11.216666666666669,11.96994686126709
0.0,0.03450632467865944
49.68333333333333,45.42714309692383
135.23333333333332,121.34735870361328
0.0,0.03450632467865944
55.36666666666667,54.431819915771484
98.8,106.49308776855469
100.06666666666666,132.91822814941406
1.0833333333333333,0.8875806331634521
1.2333333333333334,0.3328639566898346
3.2666666666666666,3.8512556552886963
0.0,-0.09313130378723145
0.0,0.0662040039896965
24.28333333333333,23.605741500854492
0.0,-0.0322846993803978
0.0,0.0662040039896965
0.0,1.3114718198776245
29.016666666666666,29.94049072265625
0.0,0.0662040039896965
16.666666666666668,16.54230308532715
0.0,0.029623426496982574
0.0,-0.21017001569271088
0.0,0.06442741304636002
24.883333333333333,25.76736831665039
0.0,0.029623426496982574
3.183333333333333,3.1431195735931396
0.0,0.055918484926223755
0.0,0.029623426496982574
0.0,-0.02244574762880802
0.0,0.0662040039896965
2.05,1.9547677040100098
50.63333333333333,51.90790939331055
0.0,0.029623426496982574
20.316666666666663,19.992921829223633
0.0,-0.022982977330684662
11.833333333333334,11.239974021911621
25.05,23.953372955322266
0.0,0.003993761260062456
0.0,0.0662040039896965
0.0,0.029623426496982574
0.0,0.020816408097743988
54.63333333333333,54.95000457763672
35.583333333333336,35.69190979003906
16.916666666666668,16.713747024536133
0.0,0.029623426496982574
0.0,0.0662040039896965
9.416666666666666,8.405350685119629
10.166666666666666,9.845549583435059
19.48333333333333,19.276586532592773
25.016666666666666,27.20302963256836
6.783333333333333,6.475377082824707
45.5,43.97623825073242
34.36666666666667,35.05960464477539
2.5,2.328829765319824
170.76666666666668,164.76705932617188
0.0,0.0662040039896965
6.883333333333334,6.614489555358887
11.25,10.334894180297852
20.75,20.151655197143555
64.2,57.66319274902344
15.283333333333331,15.986273765563965
109.38333333333334,111.52783203125
0.0,0.044057875871658325
0.0,0.027452964335680008
136.31666666666666,143.32574462890625
0.0,0.044057875871658325
63.98333333333333,57.91314697265625
15.483333333333333,16.9393310546875
51.93333333333333,52.487674713134766
0.0,0.06442741304636002
52.73333333333333,52.211204528808594
35.13333333333333,34.552120208740234
104.11666666666666,106.9513168334961
76.36666666666666,68.7458267211914
54.11666666666667,48.983642578125
0.0,0.03487537056207657
138.91666666666666,134.1923065185547
9.833333333333334,10.62716007232666
14.383333333333333,24.438257217407227
15.366666666666667,15.57104206085205
123.75,108.38479614257812
0.0,0.058697622269392014
0.0,0.06442741304636002
47.13333333333333,52.54051208496094
105.33333333333331,89.52872467041016
0.0,0.0662040039896965
89.95,122.76041412353516
0.0,-0.09630993008613586
64.96666666666667,58.06595993041992
68.85,66.23978424072266
10.733333333333333,10.924932479858398
14.033333333333331,13.51227855682373
0.0,0.0662040039896965
29.45,27.297338485717773
72.9,68.32530212402344
6.183333333333334,6.151234149932861
123.33333333333331,136.35198974609375
10.85,11.41135025024414
0.0,0.0662040039896965
19.08333333333333,20.625782012939453
0.0,0.03603121638298035
14.883333333333333,15.165271759033203
0.0,0.029623426496982574
20.4,20.686344146728516
109.36666666666666,113.65994262695312
15.816666666666666,14.988175392150879
0.0,0.0662040039896965
141.01666666666668,136.18795776367188
70.61666666666666,56.962520599365234
1.5666666666666669,0.5899257063865662
0.0,0.029623426496982574
4.983333333333333,5.523736000061035
17.316666666666666,16.142728805541992
162.6,179.1392364501953
65.1,62.38022232055664
0.0,0.031905170530080795
3.533333333333333,3.46081280708313
72.46666666666667,68.30792236328125
54.25,58.910945892333984
1.4666666666666666,1.0867410898208618
58.25,58.73048782348633
27.566666666666663,28.509082794189453
0.0,0.018718430772423744
69.9,68.77750396728516
10.55,10.452116966247559
0.0,0.019430166110396385
0.0,0.0662040039896965
2.583333333333333,4.060445785522461
64.23333333333333,67.67691040039062
1.8,0.3430011570453644
20.116666666666667,18.28550910949707
222.26666666666668,324.8545837402344
0.0,0.0662040039896965
123.73333333333332,143.07017517089844
55.9,58.13951873779297
141.98333333333332,145.25381469726562
0.0,-0.03850298002362251
35.416666666666664,39.856563568115234
23.266666666666666,25.253690719604492
0.0,0.0662040039896965
3.25,3.8518247604370117
24.33333333333333,25.669137954711914
0.0,0.0662040039896965
0.0,0.029623426496982574
0.0,0.0199442096054554
16.8,16.708879470825195
0.0,0.044057875871658325
0.0,0.06442741304636002
3.433333333333333,3.825559616088867
0.0,0.029623426496982574
11.95,11.591118812561035
2.2666666666666666,2.4029605388641357
74.83333333333333,87.55316162109375
69.31666666666666,60.8093147277832
0.0,0.0662040039896965
0.0,0.029623426496982574
0.0,0.0428047738969326
4.55,4.97130823135376
0.0,0.029623426496982574
32.03333333333333,31.102893829345703
45.06666666666667,55.39602279663086
32.916666666666664,32.503822326660156
0.0,0.0662040039896965
0.0,0.029623426496982574
6.016666666666667,6.917981147766113
0.0,0.06442741304636002
0.0,0.044057875871658325
6.183333333333334,6.473648548126221
0.0,0.06442741304636002
57.63333333333333,56.2398796081543
0.0,-0.04530689865350723
24.066666666666663,27.395620346069336
36.766666666666666,41.4297981262207
3.2666666666666666,3.766953706741333
2.25,2.6577975749969482
0.0,0.029623426496982574
31.933333333333334,31.331829071044922
18.316666666666663,18.528575897216797
415.6833333333333,267.0103759765625
19.866666666666667,17.828035354614258
2.5166666666666666,2.879375457763672
59.06666666666667,56.609947204589844
81.58333333333333,90.2371597290039
0.0,0.029623426496982574
0.0,0.029623426496982574
173.58333333333334,171.9310302734375
0.0,0.044057875871658325
0.0,-0.015605149790644646
0.0,0.0662040039896965
0.9333333333333332,0.14468911290168762
385.2166666666666,239.06724548339844
11.966666666666669,11.522134780883789
66.21666666666667,66.80904388427734
0.0,0.029286405071616173
81.53333333333333,79.82019805908203
5.683333333333334,6.588651180267334
47.91666666666666,42.93560791015625
37.41666666666666,39.297882080078125
0.0,0.044057875871658325
89.76666666666667,85.7345962524414
0.0,0.0662040039896965
82.78333333333333,96.58558654785156
95.4,97.2731704711914
19.0,18.870681762695312
1.9666666666666663,1.1208467483520508
9.733333333333333,10.767084121704102
13.566666666666666,13.626982688903809
141.05,163.7578887939453
12.633333333333333,11.731090545654297
0.0,0.045625701546669006
0.0,0.0662040039896965
17.216666666666665,18.02988624572754
77.15,75.7294692993164
0.0,0.0662040039896965
129.08333333333334,142.72518920898438
58.766666666666666,65.26680755615234
0.0,0.0662040039896965
0.0,0.044057875871658325
22.45,24.8372802734375
0.0,-0.07094836235046387
0.0,0.044057875871658325
8.05,8.918135643005371
48.03333333333333,43.7559814453125
10.066666666666666,10.524596214294434
212.45,198.29112243652344
130.51666666666668,121.64423370361328
24.633333333333333,25.08047103881836
0.0,0.06442741304636002
0.0,0.016291411593556404
36.93333333333333,29.087066650390625
1.7666666666666666,0.5382357239723206
13.433333333333334,14.356362342834473
35.86666666666667,36.51917266845703
0.0,0.0662040039896965
0.0,0.029623426496982574
26.766666666666666,25.82172393798828
4.966666666666667,5.8009033203125
56.78333333333333,52.36469650268555
0.0,0.005626196973025799
0.0,0.0662040039896965
31.5,32.357933044433594
9.583333333333334,9.225857734680176
16.65,16.010648727416992
14.033333333333331,13.63728141784668
2.05,1.0617213249206543
3.6666666666666665,2.8682217597961426
30.33333333333333,31.49662971496582
95.35,93.95820617675781
60.71666666666667,57.05973815917969
61.23333333333333,63.865482330322266
0.0,0.06632416695356369
80.55,101.72783660888672
52.28333333333333,53.15290451049805
58.18333333333333,56.715972900390625
76.75,78.452392578125
21.95,20.78736114501953
0.0,0.0662040039896965
29.166666666666668,29.75086212158203
0.0,-0.0034513878636062145
0.0,0.0662040039896965
105.78333333333332,125.52967071533203
13.65,12.696786880493164
64.15,65.00455474853516
0.0,0.044057875871658325
43.266666666666666,40.34123992919922
1.7,0.7867494225502014
89.2,99.39537811279297
48.55,49.23265075683594
293.8,335.7469787597656
116.75,115.45603942871094
2.716666666666667,2.883373260498047
90.96666666666668,99.00196075439453
0.0,0.0662040039896965
11.35,11.878194808959961
24.633333333333333,23.87985610961914
11.116666666666667,10.722848892211914
77.18333333333334,83.18351745605469
4.433333333333334,3.1228368282318115
0.0,0.009609926491975784
25.883333333333333,23.774307250976562
0.0,0.000448069185949862
0.0,0.0662040039896965
9.7,10.65325927734375
15.766666666666667,17.088895797729492
2.083333333333333,2.1616876125335693
47.63333333333333,47.02193069458008
63.9,61.95711135864258
21.816666666666663,21.27716827392578
0.0,0.044057875871658325
0.0,0.006218284834176302
82.35,85.95161437988281
2.5166666666666666,2.6344082355499268
8.75,7.54810905456543
0.0166666666666666,-1.000248670578003
0.0,0.029623426496982574
0.0,0.02076851576566696
0.0,0.044057875871658325
0.8833333333333333,0.26040494441986084
41.06666666666667,41.04561233520508
30.85,32.31208038330078
44.93333333333333,42.61669158935547
126.58333333333331,111.42288970947266
0.0,0.07823590189218521
15.616666666666667,16.314334869384766
14.216666666666669,14.474444389343262
0.0,0.029623426496982574
114.51666666666668,115.06422424316406
0.0,0.0050061955116689205
45.06666666666667,45.80461120605469
0.0,0.0662040039896965
6.883333333333334,6.773247718811035
33.86666666666667,33.80075454711914
2.533333333333333,2.3036177158355713
497.78333333333336,367.1711120605469
11.5,11.305917739868164
0.0,0.05131933465600014
0.0,0.029623426496982574
0.0,0.0662040039896965
0.0,0.0662040039896965
0.0,0.044057875871658325
123.96666666666668,115.69466400146484
8.633333333333333,9.7155179977417
0.0,0.044057875871658325
0.0,0.0662040039896965
76.33333333333333,71.97210693359375
7.9,7.348418235778809
9.95,10.104283332824707
0.0,-0.003684563096612692
186.51666666666668,153.65679931640625
137.31666666666666,132.83287048339844
185.76666666666668,187.58639526367188
11.816666666666666,12.032877922058105
12.8,13.573858261108398
34.766666666666666,36.52048873901367
28.216666666666665,26.82124900817871
29.433333333333334,30.70041847229004
4.466666666666667,3.7697298526763916
22.1,22.460596084594727
0.0,0.029623426496982574
0.0,0.03771946206688881
17.866666666666667,17.28840446472168
0.0,0.0567740723490715
0.0,0.044057875871658325
75.9,52.83438491821289
0.0,0.0662040039896965
0.0,0.0662040039896965
0.0,-0.02294117398560047
0.0,0.029623426496982574
0.0,0.03407559543848038
0.0,0.06442741304636002
10.116666666666667,9.69324779510498
7.0,10.47585391998291
40.11666666666667,39.89915084838867
85.31666666666666,106.28743743896484
2.083333333333333,2.608619451522827
6.316666666666666,2.566244125366211
0.0,0.029623426496982574
18.65,19.481151580810547
43.9,48.84403991699219
109.18333333333334,104.82051849365234
29.1,31.5798397064209
25.48333333333333,26.41111183166504
0.0,0.044057875871658325
0.0,0.021845635026693344
0.0,0.029623426496982574
44.083333333333336,41.73043441772461
3.566666666666667,3.8126561641693115
80.83333333333333,83.50824737548828
18.216666666666665,18.782285690307617
32.78333333333333,41.75764083862305
35.483333333333334,35.70435333251953
22.73333333333333,23.674699783325195
59.48333333333333,61.87270736694336
28.65,26.004295349121094
20.816666666666663,17.851503372192383
61.13333333333333,127.39646911621094
23.066666666666663,26.897403717041016
0.0,0.029623426496982574
42.6,47.98724365234375
13.316666666666666,12.829533576965332
0.0,0.0019145798869431019
0.0,0.029623426496982574
0.0,0.025798525661230087
114.98333333333332,110.39849853515625
1.3166666666666669,0.8522219657897949
2.7666666666666666,3.143286943435669
115.21666666666668,127.5116958618164
0.0,0.044057875871658325
54.71666666666667,41.65090560913086
0.0,0.0662040039896965
101.53333333333332,95.0233383178711
0.2,-1.646329402923584
0.0,0.005515167023986578
129.96666666666667,129.06138610839844
24.23333333333333,31.29889678955078
6.8,7.6309123039245605
21.65,24.055713653564453
1.4333333333333331,0.6560733914375305
0.0,0.06442741304636002
6.933333333333334,7.3469648361206055
2.066666666666667,2.1512553691864014
0.5166666666666667,-0.3143698275089264
5.166666666666667,3.252551794052124
0.0,0.05599698796868324
24.0,24.46330451965332
2.833333333333333,3.580544948577881
1.3333333333333333,0.6168726682662964
166.85,155.7277374267578
14.633333333333333,16.507274627685547
4.6,4.744384288787842
20.916666666666668,20.777690887451172
167.36666666666667,167.1425018310547
11.483333333333333,11.690780639648438
0.0,0.007634276989847422
40.88333333333333,41.45174789428711
0.0,0.08935076743364334
0.75,0.7759178876876831
0.0,0.12594708800315857
6.383333333333334,4.448309898376465
10.583333333333334,10.103979110717773
7.266666666666667,8.401108741760254
3.8333333333333335,4.0302252769470215
2.833333333333333,2.379751682281494
0.0,0.5409080982208252
5.7,5.2142534255981445
5.25,5.185249328613281
6.166666666666667,6.955938339233398
0.0,-0.4631628096103668
0.0,0.0662040039896965
3.816666666666667,4.635504722595215
0.0,0.159845232963562
0.0,0.14359135925769806
34.166666666666664,33.47212600708008
0.0,0.7263225317001343
0.0,-0.17628279328346252
0.0,0.20626980066299438
0.0,0.0662040039896965
4.3,3.3399014472961426
0.0,0.23292049765586853
0.0,0.0662040039896965
0.0,-0.10888192057609558
0.0,1.5009512901306152
0.0,-0.13396188616752625
1.2,2.4525911808013916
3.15,3.66312313079834
0.0,-0.08116533607244492
121.26666666666668,108.98860168457031
98.85,92.29911804199219
3.4,4.240638256072998
42.98333333333333,42.157779693603516
30.466666666666665,48.857418060302734
0.0,1.584303617477417
10.116666666666667,12.096193313598633
59.016666666666666,54.99098205566406
38.75,49.79475021362305
8.883333333333333,10.157618522644043
17.283333333333335,18.457965850830078
71.08333333333333,70.54872131347656
13.95,13.908886909484863
50.266666666666666,49.64030456542969
0.0,0.16634799540042877
0.0,0.24165566265583038
0.0,0.03450632467865944
0.0,0.001101887901313603
32.88333333333333,33.62773132324219
0.0,0.03450632467865944
0.0,0.4383012652397156
92.1,94.64106750488281
0.0,0.2672416865825653
56.48333333333333,54.92548370361328
0.0,0.25932735204696655
43.98333333333333,55.580162048339844
46.06666666666667,53.24864959716797
6.75,6.376367568969727
0.0,0.03450632467865944
36.43333333333333,35.95220947265625
0.0,0.0662040039896965
143.48333333333332,147.3789520263672
3.3833333333333333,2.531432628631592
52.75,57.597537994384766
13.966666666666669,13.171427726745605
75.56666666666666,82.41181182861328
0.0,0.21095171570777893
42.36666666666667,37.18175506591797
6.35,11.039722442626953
40.16666666666666,63.12168884277344
51.53333333333333,53.16609191894531
80.81666666666666,78.46843719482422
22.35,23.43451690673828
6.833333333333333,6.618152618408203
35.45,41.37972640991211
0.0,0.03450632467865944
4.733333333333333,4.726399898529053
7.1,8.244793891906738
0.0,0.02007187344133854
0.0,0.1443248838186264
47.333333333333336,48.03429412841797
24.0,22.718914031982422
0.0,-0.024832071736454964
0.0,0.0662040039896965
34.18333333333333,32.94008255004883
20.03333333333333,18.702880859375
96.63333333333334,95.41912841796875
0.0,0.02007187344133854
0.0,0.013568481430411339
35.35,35.51371383666992
188.78333333333333,208.46421813964844
0.0,0.0662040039896965
0.0,0.06442741304636002
0.0,0.03509940579533577
21.916666666666668,21.38804054260254
0.0,0.03450632467865944
34.083333333333336,37.34141540527344
8.216666666666667,8.208229064941406
0.0,0.414480060338974
4.1,3.40653133392334
0.0,0.06442741304636002
134.53333333333333,146.5146484375
28.433333333333334,28.28207778930664
0.0,0.06442741304636002
14.05,13.316211700439453
0.0,0.0626547560095787
22.7,25.672183990478516
13.883333333333333,14.078967094421387
28.48333333333333,28.140811920166016
23.78333333333333,25.536317825317383
8.816666666666666,8.045573234558105
0.0,0.009458138607442379
78.08333333333333,78.78053283691406
33.916666666666664,31.850452423095703
17.85,19.377918243408203
0.0,0.02007187344133854
0.0,0.06442741304636002
0.0,0.02007187344133854
80.75,105.10415649414062
42.6,47.342010498046875
20.5,20.85858726501465
71.98333333333333,82.53996276855469
10.0,10.729267120361328
0.0,0.03450632467865944
31.5,34.96477508544922
36.8,35.56353759765625
7.4,7.0804290771484375
73.6,67.80806732177734
0.0,-0.042769044637680054
61.65,64.02951049804688
0.0,0.07526912540197372
59.03333333333333,77.59019470214844
87.05,88.26224517822266
15.316666666666666,15.850015640258789
0.0,0.06442741304636002
33.083333333333336,32.31222152709961
75.35,76.47761535644531
0.0,-0.3385559022426605
0.0,0.0662040039896965
0.0,0.0662040039896965
0.0,0.029623426496982574
0.0,0.03872259333729744
0.0,0.0662040039896965
0.0,0.044057875871658325
157.81666666666666,162.63800048828125
7.366666666666666,7.801710605621338
12.533333333333331,12.983447074890137
7.916666666666667,7.949589729309082
10.4,9.727572441101074
5.5,6.287830352783203
0.0,0.00797056034207344
0.0,0.0662040039896965
15.3,15.978771209716797
0.0,0.019072094932198524
0.0,0.0662040039896965
0.0,0.044057875871658325
0.0,0.02813403680920601
14.266666666666667,14.206559181213379
40.86666666666667,40.00530242919922
7.983333333333333,8.068347930908203
0.0,0.029623426496982574
7.05,6.1453633308410645
0.0,0.06464020907878876
12.85,13.142008781433105
1.9,1.4495819807052612
0.0,0.0662040039896965
0.0,0.029623426496982574
54.46666666666667,53.9764404296875
0.0,0.0662040039896965
12.9,13.55412769317627
2.8,2.279541254043579
16.883333333333333,15.556593894958496
4.583333333333333,4.842625141143799
20.166666666666668,19.715574264526367
4.283333333333333,4.92223596572876
5.316666666666666,5.5935773849487305
17.6,17.51380157470703
12.0,12.022712707519531
0.0,0.044057875871658325
0.0,0.007385049480944872
2.95,2.216557264328003
5.583333333333333,5.643604278564453
0.0,0.0004630767507478595
0.0,0.004935711156576872
8.883333333333333,9.769787788391113
0.0,0.0662040039896965
0.0,0.0662040039896965
228.9833333333333,185.16766357421875
61.25,65.9072265625
0.0,0.06442741304636002
24.65,26.604555130004883
138.9,103.9756088256836
0.0,0.0662040039896965
8.05,8.288012504577637
61.71666666666667,56.04137420654297
0.0,0.044057875871658325
227.95,286.8612976074219
0.0,0.026679664850234985
160.46666666666667,123.71538543701172
74.78333333333333,85.49931335449219
69.55,60.81956100463867
32.21666666666667,30.20045280456543
175.03333333333333,138.25669860839844
160.08333333333334,179.36865234375
83.05,82.10313415527344
138.78333333333333,135.6189727783203
39.98333333333333,39.41777038574219
0.0,0.1823127716779709
7.45,12.203251838684082
44.28333333333333,41.539466857910156
0.0,0.0662040039896965
320.6666666666667,228.8651580810547
0.0,0.0007104087853804231
0.0,0.007150869816541672
17.216666666666665,17.114999771118164
0.0,0.044057875871658325
0.0,0.01904822140932083
65.78333333333333,84.66592407226562
79.05,80.33026885986328
19.5,20.042396545410156
0.0,0.029623426496982574
0.0,0.08704634010791779
59.28333333333333,73.5123291015625
387.56666666666666,200.44178771972656
21.73333333333333,20.37668800354004
63.41666666666666,61.69526672363281
76.86666666666666,100.38165283203125
26.78333333333333,37.18912124633789
9.683333333333334,10.620593070983887
53.03333333333333,58.61003875732422
2.316666666666667,2.454838275909424
81.31666666666666,73.97747802734375
168.73333333333332,134.56106567382812
34.36666666666667,35.03533172607422
130.48333333333332,121.28131103515625
28.366666666666667,30.774127960205078
7.383333333333334,7.358834266662598
0.0,0.044057875871658325
37.06666666666667,38.179744720458984
37.516666666666666,36.78415298461914
6.616666666666666,7.350030422210693
6.316666666666666,6.849538803100586
0.0,0.0662040039896965
0.0,0.05438833683729172
0.0,0.00044316102867014706
0.0,0.0662040039896965
0.0,0.044057875871658325
1.933333333333333,1.9206525087356567
0.0,0.0662040039896965
9.1,8.60565185546875
0.0,0.0662040039896965
0.0,0.044057875871658325
1.2,1.1153395175933838
0.0,-0.0006054263794794679
0.0,-0.04355887696146965
14.25,15.291220664978027
16.7,17.00425910949707
41.41666666666666,41.36164474487305
14.95,15.25661563873291
0.0,0.029623426496982574
0.0,0.02703055739402771
55.65,54.46544647216797
17.55,17.71430206298828
33.233333333333334,47.51042175292969
0.0,0.044057875871658325
11.883333333333333,12.346854209899902
0.0,0.019159860908985138
9.933333333333334,10.6183443069458
71.45,66.70429992675781
28.15,29.223615646362305
0.0,0.0662040039896965
0.0,0.029623426496982574
38.3,39.596160888671875
57.85,60.1561164855957
27.23333333333333,31.015804290771484
132.16666666666666,122.94188690185547
42.53333333333333,34.50448226928711
67.6,68.43949890136719
142.93333333333334,166.07577514648438
238.91666666666663,193.3611297607422
148.15,152.0166473388672
81.86666666666666,88.73171997070312
0.0,0.044057875871658325
0.0,0.020365035161376
0.0,0.06442741304636002
0.0,0.029623426496982574
120.0,111.6729507446289
62.583333333333336,67.1504898071289
38.833333333333336,37.25519561767578
0.0,0.026325134560465813
6.4,6.271071910858154
20.95,22.371540069580078
21.73333333333333,21.519878387451172
13.866666666666667,13.874820709228516
77.41666666666667,80.98181915283203
39.63333333333333,41.342220306396484
0.0,0.0662040039896965
29.58333333333333,31.835729598999023
0.0,0.0638938620686531
9.0,8.923714637756348
20.8,19.285175323486328
8.566666666666666,9.185384750366211
0.0,0.044057875871658325
0.0,-0.008112644776701927
0.0,0.0662040039896965
2.55,2.1963770389556885
6.516666666666667,8.273316383361816
16.416666666666668,16.888341903686523
37.21666666666667,34.10879135131836
9.9,10.101974487304688
8.066666666666666,7.37041711807251
25.15,27.170297622680664
23.433333333333334,26.300071716308594
0.0,0.1801092028617859
23.716666666666665,25.913049697875977
3.2666666666666666,3.196810245513916
5.8,5.770166873931885
41.833333333333336,41.67780685424805
0.0,-0.03035757504403591
10.533333333333331,10.632415771484375
13.45,14.367232322692871
19.9,19.994213104248047
16.983333333333334,17.92307472229004
0.0,-0.026256874203681946
26.53333333333333,24.619646072387695
0.0,0.021448912099003792
0.0,0.0662040039896965
11.4,11.435335159301758
0.0,0.06744604557752609
0.0,0.0662040039896965
0.0,0.044057875871658325
0.0,0.013873100280761719
0.0,0.0662040039896965
2.0,0.8027727007865906
4.483333333333333,4.207399368286133
0.0,0.0662040039896965
34.333333333333336,32.34736633300781
0.0,-0.012769090943038464
13.716666666666669,14.437423706054688
10.4,11.384218215942383
0.0,0.016839001327753067
0.0,0.0662040039896965
0.0,0.029623426496982574
0.0,0.0662040039896965
3.55,3.2423174381256104
4.733333333333333,4.841529369354248
16.883333333333333,16.37003517150879
6.766666666666667,6.396335601806641
7.083333333333333,6.8936638832092285
0.0,0.0662040039896965
1.2666666666666666,0.8547283411026001
0.0,-0.02963862009346485
0.0,0.0662040039896965
0.0,0.044057875871658325
0.0,0.8503286242485046
0.0,0.0662040039896965
79.61666666666666,88.07652282714844
3.466666666666667,2.519923210144043
85.2,97.53255462646484
24.53333333333333,24.5907039642334
0.0,-0.002387766959145665
8.966666666666667,10.291175842285156
80.13333333333334,85.1703872680664
0.0,0.0002468940510880202
0.0,0.0662040039896965
110.06666666666666,106.20565795898438
18.98333333333333,19.33867073059082
48.36666666666667,70.69793701171875
42.8,42.072357177734375
67.35,66.29845428466797
0.0,0.0662040039896965
0.0,-0.01230571884661913
0.0,0.0662040039896965
0.0,0.044057875871658325
13.533333333333331,13.620975494384766
0.0,0.0662040039896965
64.91666666666667,71.29366302490234
37.1,48.783042907714844
0.0,0.06442741304636002
12.933333333333334,13.341241836547852
16.283333333333335,16.631399154663086
4.6,4.828401565551758
0.0,0.4663245975971222
22.183333333333334,21.73543357849121
64.03333333333333,68.21846008300781
4.683333333333334,4.967199325561523
27.416666666666668,33.826637268066406
8.783333333333333,8.807171821594238
51.43333333333333,48.68431854248047
51.516666666666666,63.78166198730469
25.266666666666666,22.66667938232422
173.16666666666666,177.10031127929688
0.0,0.044057875871658325
24.366666666666667,25.290775299072266
0.0,0.0834120661020279
0.0,0.044057875871658325
29.5,30.327465057373047
16.233333333333334,15.103830337524414
36.46666666666667,36.72050476074219
55.43333333333333,55.5059928894043
16.5,16.479143142700195
3.55,2.8848068714141846
14.433333333333334,14.907121658325195
0.0,0.009125703945755959
4.216666666666667,4.656975269317627
11.5,11.252155303955078
3.05,3.4811112880706787
27.28333333333333,28.3280086517334
5.75,6.47126579284668
0.0,0.0662040039896965
66.05,65.4589614868164
0.0,0.05559706315398216
14.25,13.726922035217285
14.683333333333334,15.301029205322266
83.68333333333334,88.9233169555664
4.0,2.7689743041992188
11.633333333333333,11.4053373336792
2.6,2.8993144035339355
15.916666666666666,16.761640548706055
6.666666666666667,7.1500396728515625
17.316666666666666,20.390140533447266
101.15,92.15560150146484
8.05,8.303267478942871
0.0,0.028974026441574097
0.0,0.044057875871658325
0.0,0.0662040039896965
0.0,0.0662040039896965
0.0,0.0662040039896965
30.633333333333333,31.515743255615234
37.91666666666666,37.05071258544922
5.7,6.073192119598389
2.7333333333333334,2.5593059062957764
1.55,0.9119864106178284
2.6166666666666667,2.2808749675750732
2.55,2.7765519618988037
11.533333333333331,11.256869316101074
16.233333333333334,16.867334365844727
1.4666666666666666,0.8753309845924377
0.0,0.044057875871658325
0.0,0.06442741304636002
4.366666666666666,4.735014915466309
0.0,0.029623426496982574
0.0,0.0662040039896965
37.96666666666667,42.21492385864258
10.383333333333333,11.800047874450684
2.8666666666666667,2.436180830001831
1.8,1.2020180225372314
0.0,0.0662040039896965
0.0,0.044057875871658325
0.0,0.08007652312517166
58.083333333333336,58.99223709106445
92.3,103.05106353759766
0.0,-0.2565525472164154
62.61666666666667,68.15960693359375
106.8,98.98824310302734
0.0,-0.014098376967012882
9.85,10.220019340515137
33.25,32.0223503112793
0.0,0.029623426496982574
0.0,0.0662040039896965
44.6,46.93854904174805
31.08333333333333,32.197845458984375
0.0,0.023795368149876595
53.016666666666666,51.5991325378418
28.78333333333333,26.09535789489746
17.316666666666666,17.925716400146484
5.533333333333333,5.378600597381592
13.183333333333334,12.496058464050293
112.71666666666668,128.94056701660156
62.93333333333333,70.70762634277344
0.0,-0.016969602555036545
7.233333333333333,7.34970235824585
14.65,14.175789833068848
0.0,0.04164480045437813
13.333333333333334,14.34019660949707
8.05,8.590310096740723
34.516666666666666,31.791067123413086
48.75,54.77830505371094
0.0,0.044057875871658325
0.0,-0.055036745965480804
4.983333333333333,5.322440147399902
0.0,0.06442741304636002
0.0,-0.01828894391655922
0.0,0.044057875871658325
19.216666666666665,25.502120971679688
46.73333333333333,45.712833404541016
6.15,5.898836135864258
11.1,11.488565444946289
0.0,0.029623426496982574
6.233333333333333,6.308276176452637
0.0,0.029623426496982574
28.616666666666667,28.624130249023438
0.0,-0.047052860260009766
0.0,1.9129996299743652
0.0,0.0662040039896965
0.0,0.0662040039896965
36.5,39.020259857177734
14.5,14.880261421203613
0.0,-0.06306478381156921
12.583333333333334,13.33125114440918
12.9,14.489068031311035
0.0,-0.05023561418056488
0.0,0.0662040039896965
27.8,27.475757598876953
44.15,101.93326568603516
0.0,0.0662040039896965
0.0,0.029623426496982574
0.0,-0.033666692674160004
0.0,0.02953469008207321
5.616666666666666,5.529720783233643
0.0,-0.03150103613734245
0.0,0.0662040039896965
0.0,0.029623426496982574
1.0666666666666669,0.5864576101303101
0.0,0.0662040039896965
0.0,0.03995388001203537
34.63333333333333,36.562461853027344
0.0,0.0662040039896965
11.3,10.977538108825684
4.0,2.780884265899658
8.633333333333333,8.8966064453125
98.55,82.93791198730469
56.15,61.554649353027344
266.81666666666666,202.98597717285156
19.95,20.419898986816406
8.866666666666667,8.738484382629395
101.6,126.95025634765625
21.05,21.630481719970703
0.0,0.029623426496982574
198.56666666666663,161.45315551757812
102.76666666666668,102.75830078125
104.25,125.57715606689453
15.233333333333333,13.992594718933105
29.183333333333334,33.15190887451172
0.0,0.06442741304636002
0.0,0.026654688641428947
188.15,173.23374938964844
0.0,0.0662040039896965
11.883333333333333,11.476597785949707
127.93333333333334,127.34076690673828
0.0,0.018284069374203682
6.216666666666667,6.163691997528076
0.0,0.029623426496982574
0.0,-0.02866874635219574
17.516666666666666,18.186006546020508
1.85,2.205282211303711
4.716666666666667,6.372058391571045
44.7,47.88116455078125
27.73333333333333,26.897045135498047
5.333333333333333,5.593307971954346
70.65,87.21119689941406
0.0,0.0662040039896965
56.85,56.28068923950195
0.0,0.04597778618335724
0.0,0.029623426496982574
34.36666666666667,34.877967834472656
256.43333333333334,183.43972778320312
185.36666666666667,214.65650939941406
2.6666666666666665,2.9257471561431885
1.1,0.3018060326576233
54.766666666666666,62.937965393066406
19.666666666666668,20.314491271972656
119.88333333333334,111.10687255859375
33.233333333333334,36.05461502075195
32.61666666666667,33.10685729980469
7.5,7.828091621398926
0.0,0.044057875871658325
32.2,31.484893798828125
0.0,0.03995388001203537
0.4666666666666667,-0.11182625591754913
4.633333333333334,4.875479698181152
55.766666666666666,58.80717849731445
43.73333333333333,40.63848876953125
35.266666666666666,34.6528434753418
7.033333333333333,11.587581634521484
0.0,0.06442741304636002
39.96666666666667,41.388240814208984
0.0,0.03535216301679611
5.5,5.57745885848999
0.0,0.029623426496982574
0.0,-0.011282479390501976
22.03333333333333,25.513402938842773
0.0,0.0662040039896965
1.8,1.3602514266967773
0.0,-0.06200648099184036
0.0,0.0662040039896965
35.88333333333333,36.413429260253906
41.4,55.96686935424805
28.366666666666667,33.13216018676758
14.816666666666666,27.076059341430664
0.0,0.05752911791205406
9.516666666666667,6.879069805145264
0.0,0.03881121799349785
6.233333333333333,3.0989036560058594
11.366666666666667,11.50752067565918
11.483333333333333,11.660155296325684
0.0,0.0662040039896965
0.0,0.02007187344133854
26.8,25.617385864257812
9.633333333333333,9.905611991882324
113.81666666666666,128.181640625
128.46666666666667,97.98644256591797
125.3,125.4006118774414
0.0,0.02007187344133854
0.0,-0.6763080954551697
52.9,49.4356689453125
0.0,0.02669432945549488
0.0,0.0028786861803382635
4.35,4.21696662902832
0.0,0.6380206942558289
82.48333333333333,79.7754135131836
16.533333333333335,18.093019485473633
20.75,22.249765396118164
67.16666666666667,82.06307220458984
34.416666666666664,33.82253646850586
10.116666666666667,10.733036994934082
0.0,0.0662040039896965
0.0,0.03450632467865944
53.46666666666667,64.9530258178711
0.0,0.09849061071872711
5.283333333333333,5.043910026550293
0.0,0.00045565038453787565
0.0,0.0662040039896965
0.0,0.03450632467865944
3.966666666666667,4.266355037689209
0.0,0.0662040039896965
74.55,78.31376647949219
55.13333333333333,53.198604583740234
116.88333333333334,194.2884979248047
3.0,3.651059150695801
0.0,0.02037445455789566
61.4,66.23279571533203
32.083333333333336,31.024219512939453
0.0,0.0662040039896965
31.116666666666667,30.872577667236328
20.75,20.50217056274414
52.7,50.833526611328125
0.0,-0.2120705544948578
0.0,0.0662040039896965
2.05,2.072291135787964
0.0,-0.08748843520879745
0.0,0.06442741304636002
0.0,0.03450632467865944
0.0,0.0065537202171981335
0.0,0.0662040039896965
25.716666666666665,23.792734146118164
0.0,0.06442741304636002
103.23333333333332,104.09140014648438
0.0,0.02007187344133854
0.0,-0.041581470519304276
12.35,13.16589641571045
20.33333333333333,24.817237854003906
26.4,31.393192291259766
110.73333333333332,98.56230926513672
0.0,0.02007187344133854
121.88333333333334,112.51006317138672
0.0,0.06442741304636002
0.0,0.06487525999546051
75.06666666666666,74.07920837402344
26.1,25.972570419311523
48.11666666666667,67.16056060791016
85.61666666666666,90.54312133789062
45.45,53.424007415771484
108.43333333333334,116.1624526977539
0.0,0.0662040039896965
143.45,118.29399108886719
0.0166666666666666,-0.513493001461029
0.0,0.0662040039896965
0.0,-0.013700217939913273
0.0,0.04427138343453407
381.53333333333336,197.8317413330078
0.0,0.03450632467865944
8.916666666666666,8.693068504333496
28.616666666666667,25.811004638671875
0.0,0.03450632467865944
0.0,-0.005217846017330885
92.56666666666666,82.50630187988281
2.7666666666666666,3.1087558269500732
64.66666666666667,69.52656555175781
11.75,13.650713920593262
0.0,0.02007187344133854
3.5,4.274596214294434
0.0,0.0662040039896965
0.0,0.1113252341747284
6.95,6.802310943603516
0.0,0.02007187344133854
3.1,3.398223876953125
0.0,0.0662040039896965
6.216666666666667,5.966848850250244
0.0,0.05993031710386276
0.0,0.0662040039896965
25.5,25.96415901184082
4.466666666666667,4.824512958526611
31.95,32.252685546875
24.7,29.39303207397461
1.2833333333333334,0.9288865923881531
96.36666666666666,91.44389343261719
0.0,0.02007187344133854
79.01666666666667,84.14898681640625
1.2333333333333334,0.6788821816444397
17.2,17.79212188720703
0.0,0.013568481430411339
12.733333333333333,14.055765151977539
31.883333333333333,33.20000457763672
0.0,0.0662040039896965
0.0,0.03450632467865944
16.516666666666666,16.89396858215332
32.05,31.48457145690918
132.73333333333332,96.95820617675781
0.0,0.0662040039896965
0.0,0.02007187344133854
16.2,17.54144287109375
3.183333333333333,3.435131311416626
2.283333333333333,2.2131412029266357
31.6,32.49073028564453
0.0,0.0662040039896965
0.0,0.03450632467865944
48.11666666666667,39.23038101196289
46.3,46.02351379394531
2.833333333333333,3.770111083984375
28.6,29.114215850830078
20.48333333333333,20.32900047302246
39.23333333333333,42.76023864746094
0.0,0.03633805364370346
0.0,0.06442741304636002
0.0,0.043820831924676895
0.0,0.044057875871658325
20.05,18.899072647094727
47.03333333333333,88.55585479736328
48.28333333333333,55.109092712402344
0.0,0.029623426496982574
119.06666666666666,96.94501495361328
77.6,79.17295837402344
14.9,15.73967456817627
29.05,28.742586135864258
1.4666666666666666,0.8077715635299683
0.0,0.029623426496982574
11.466666666666669,12.416513442993164
0.0,0.044057875871658325
56.3,56.91995620727539
8.616666666666667,8.999004364013672
20.95,19.800111770629883
17.283333333333335,16.07579231262207
0.0,-0.0003432412340771407
0.0,0.0662040039896965
81.88333333333334,80.4059066772461
58.75,63.244346618652344
161.56666666666666,148.1132354736328
81.01666666666667,89.62664794921875
0.0,0.03952217102050781
3.5166666666666666,11.190702438354492
32.93333333333333,37.129791259765625
85.35,87.99577331542969
2.083333333333333,1.731744647026062
44.98333333333333,57.84151077270508
48.16666666666666,52.209049224853516
54.78333333333333,55.58903884887695
185.35,223.59779357910156
42.41666666666666,41.631500244140625
0.0,0.044057875871658325
33.766666666666666,35.057167053222656
0.2833333333333333,-0.38509076833724976
26.6,25.419973373413086
0.0,0.14094696938991547
0.0,0.0662040039896965
0.0,0.044057875871658325
84.51666666666667,80.69369506835938
106.55,111.78153228759766
2.6333333333333333,3.0122554302215576
11.483333333333333,12.967996597290039
0.0,0.0662040039896965
28.05,30.59935760498047
118.65,126.412353515625
6.466666666666667,6.0936808586120605
32.56666666666667,32.36764144897461
0.0,0.0662040039896965
3.533333333333333,4.370054244995117
91.41666666666669,89.5147476196289
12.9,14.057085037231445
2.2666666666666666,2.352837324142456
11.783333333333331,10.72005558013916
37.28333333333333,36.95255661010742
0.0,0.0662040039896965
38.36666666666667,39.13373565673828
8.483333333333333,7.239567756652832
0.0,0.044057875871658325
1.1166666666666667,0.9642049670219421
0.0,0.03345772624015808
8.1,9.095556259155273
25.75,27.570402145385742
21.73333333333333,23.878849029541016
64.36666666666666,60.4351921081543
9.45,10.272329330444336
0.0,0.007903986610472202
39.833333333333336,38.629940032958984
122.76666666666668,141.5154266357422
39.45,45.217079162597656
0.0,0.029623426496982574
0.0,0.0662040039896965
0.0,1.9842736721038818
0.0,0.044057875871658325
101.53333333333332,93.3709716796875
0.0,0.06442741304636002
23.816666666666663,24.055137634277344
0.0,0.016838228330016136
0.0,0.0662040039896965
23.766666666666666,23.835695266723633
24.75,26.80988311767578
19.28333333333333,25.22496223449707
13.633333333333333,13.518497467041016
0.0,-0.13322332501411438
32.25,37.017581939697266
113.1,100.91930389404297
53.86666666666667,126.00294494628906
164.63333333333333,226.11634826660156
0.0,0.029623426496982574
0.0,-0.5258136987686157
21.53333333333333,24.5773868560791
0.0,0.029623426496982574
6.75,7.663855075836182
0.0,0.029623426496982574
0.0,-0.23047134280204773
46.7,58.69734573364258
0.0,-0.0227708388119936
4.75,4.6431708335876465
90.91666666666669,90.76266479492188
33.56666666666667,58.095558166503906
0.0,0.06442741304636002
26.683333333333334,29.11805534362793
54.86666666666667,44.90073013305664
140.73333333333332,149.27392578125
0.0,0.029623426496982574
578.7166666666667,300.1185607910156
0.0,0.044057875871658325
0.0,0.029623426496982574
0.0,-0.03212772682309151
78.83333333333333,94.13795471191406
0.0,0.029623426496982574
37.98333333333333,38.0832633972168
115.71666666666668,107.4072494506836
41.15,44.09033966064453
22.416666666666668,22.225976943969727
81.58333333333333,85.36014556884766
6.266666666666667,7.052512168884277
6.133333333333334,5.848484039306641
183.78333333333333,179.6594696044922
0.0,0.044057875871658325
34.266666666666666,31.910892486572266
43.95,42.963836669921875
0.0,-0.06566949188709259
10.45,10.194689750671387
0.0166666666666666,-1.4078929424285889
148.1,169.96151733398438
14.483333333333333,14.829039573669434
0.0,0.029623426496982574
2.9,3.2076809406280518
10.683333333333334,13.28591537475586
43.9,43.3267936706543
0.0,-0.06357306987047195
0.0,0.0662040039896965
2.833333333333333,3.636002779006958
24.1,21.960214614868164
0.0,0.0662040039896965
0.0,0.044057875871658325
32.2,37.32852554321289
82.0,83.18592071533203
67.13333333333334,76.55005645751953
26.166666666666668,28.64269256591797
0.0,0.044057875871658325
11.3,10.735788345336914
27.35,28.865013122558594
0.0,0.044057875871658325
0.0,-0.00010943209053948522
49.25,54.607357025146484
135.5,133.1178741455078
22.95,23.592161178588867
103.66666666666669,118.17064666748047
2.1333333333333333,2.4215354919433594
0.8,1.6916249990463257
26.65,31.495140075683594
3.333333333333333,3.75168776512146
30.116666666666667,30.071117401123047
26.45,29.276592254638672
0.0,0.044057875871658325
54.21666666666667,51.18699264526367
64.71666666666667,72.27374267578125
49.23333333333333,51.75584411621094
19.7,20.336414337158203
0.0,0.06442741304636002
9.433333333333334,9.660843849182129
3.816666666666667,2.1249992847442627
39.36666666666667,40.837684631347656
0.0,0.009193429723381996
103.56666666666666,94.71138000488281
73.8,82.23008728027344
0.0,0.0662040039896965
71.13333333333334,86.03324890136719
62.68333333333333,57.404422760009766
0.0,0.0662040039896965
89.71666666666667,91.69490814208984
51.516666666666666,49.39747619628906
26.866666666666667,28.220233917236328
0.0,0.029623426496982574
0.0,0.03985003009438515
0.0,0.0662040039896965
0.0,0.044057875871658325
0.0,-0.06590166687965393
23.3,22.7591609954834
0.0,0.029623426496982574
87.71666666666667,83.26233673095703
61.333333333333336,83.43634796142578
150.26666666666668,253.80172729492188
0.0,0.06442741304636002
0.0,0.004192143678665161
26.216666666666665,28.483501434326172
109.48333333333332,134.89126586914062
19.53333333333333,19.66178321838379
123.78333333333332,105.16717529296875
14.916666666666666,14.639737129211426
0.0,0.029623426496982574
3.783333333333333,4.405922889709473
39.21666666666667,38.667198181152344
38.48333333333333,40.20432662963867
40.03333333333333,43.51291275024414
43.5,45.861473083496094
113.81666666666666,125.40418243408203
0.0,0.0662040039896965
225.9,210.1905059814453
0.0,0.029623426496982574
53.85,57.4401969909668
109.25,124.00414276123047
0.0,0.044057875871658325
22.05,22.865934371948242
23.566666666666663,24.888212203979492
8.9,8.545863151550293
0.0,0.024714630097150803
0.0,0.06442741304636002
19.133333333333333,19.423866271972656
146.51666666666668,133.64724731445312
119.71666666666668,112.96216583251953
88.43333333333334,87.75942993164062
25.633333333333333,25.938032150268555
64.85,62.391963958740234
28.616666666666667,23.544036865234375
1.7333333333333334,0.8812196254730225
0.0,0.044057875871658325
150.41666666666666,147.9790496826172
20.066666666666663,19.771604537963867
13.4,11.919454574584961
32.11666666666667,34.383914947509766
0.0,0.0662040039896965
243.51666666666668,222.66082763671875
73.58333333333333,134.28204345703125
34.25,33.676918029785156
26.133333333333333,27.64516258239746
7.733333333333333,8.51351261138916
0.0,-0.00799363013356924
7.8,7.70519495010376
0.0,0.47333672642707825
15.583333333333334,16.78764533996582
95.91666666666669,107.65291595458984
0.0,0.029623426496982574
0.0,0.0662040039896965
0.0,0.06825350970029831
20.316666666666663,21.740224838256836
58.68333333333333,56.0900764465332
0.0,0.0662040039896965
7.266666666666667,8.51523494720459
0.0,0.005037706810981035
2.183333333333333,2.5573618412017822
22.83333333333333,25.230175018310547
0.0,0.020019304007291794
3.083333333333333,2.3385531902313232
0.0,0.029623426496982574
28.866666666666667,27.735239028930664
6.383333333333334,5.571244716644287
16.4,17.505483627319336
118.7,110.075927734375
2.966666666666667,3.1180498600006104
37.3,44.32484436035156
0.0,-0.011742980219423771
31.516666666666666,31.242109298706055
150.13333333333333,135.08824157714844
16.6,17.11052703857422
0.0,0.044057875871658325
77.31666666666666,80.10374450683594
42.21666666666667,43.18449020385742
21.266666666666666,21.568193435668945
1.9833333333333327,0.8109015822410583
117.98333333333332,124.95069885253906
0.0,0.029623426496982574
15.733333333333333,17.29952049255371
132.0,113.51908874511719
9.583333333333334,10.600170135498047
191.11666666666667,235.69544982910156
0.0,0.06442741304636002
11.4,12.802620887756348
0.0,0.05438833683729172
177.98333333333332,141.38909912109375
150.11666666666667,131.49542236328125
173.26666666666668,141.7436981201172
206.56666666666663,337.5508728027344
0.0,0.0662040039896965
0.0,0.055918484926223755
0.0,0.029623426496982574
0.0,0.044057875871658325
5.166666666666667,5.917876243591309
0.0,0.044057875871658325
64.95,63.87162399291992
0.0,0.05746473744511604
10.816666666666666,11.614940643310547
32.63333333333333,41.169837951660156
37.18333333333333,34.66975402832031
60.68333333333333,57.12807083129883
7.883333333333334,8.205992698669434
122.7,93.24722290039062
10.716666666666669,11.975841522216797
55.15,54.69065856933594
239.6833333333333,221.53152465820312
7.65,7.245532989501953
21.9,22.294696807861328
0.0,-0.0064653209410607815
0.0,0.06442741304636002
0.0,0.029623426496982574
10.15,10.338215827941895
2.55,2.20705246925354
14.85,15.245620727539062
0.0,0.044057875871658325
18.6,18.9259033203125
37.333333333333336,39.987117767333984
56.266666666666666,54.499725341796875
57.4,60.3116569519043
67.18333333333334,75.2479476928711
0.0,0.004438429605215788
24.666666666666668,22.760583877563477
0.0,0.044057875871658325
204.46666666666667,166.35890197753906
0.0,0.0662040039896965
3.45,3.8069822788238525
6.733333333333333,8.392355918884277
4.183333333333334,4.180015563964844
7.5,8.558817863464355
74.61666666666666,77.45018768310547
51.083333333333336,51.706214904785156
114.65,101.43934631347656
27.1,28.863313674926758
87.05,86.1749038696289
17.633333333333333,18.01604652404785
34.15,34.14518737792969
0.0,0.029623426496982574
0.0,0.0662040039896965
142.6,113.14761352539062
0.0,0.044057875871658325
12.65,13.287022590637207
0.0,0.0662040039896965
0.0,-0.06840518862009048
0.0,-0.016886327415704727
13.25,13.834481239318848
15.133333333333333,14.980639457702637
0.0,0.044057875871658325
0.0,0.0662040039896965
11.85,11.15400505065918
17.95,17.741680145263672
0.0,0.0662040039896965
27.366666666666667,27.002845764160156
36.61666666666667,38.168922424316406
5.133333333333334,5.738893985748291
121.71666666666668,85.91280364990234
70.03333333333333,73.71305847167969
9.166666666666666,10.05080509185791
14.95,16.06008529663086
0.0,0.0662040039896965
0.0,0.044057875871658325
3.1666666666666665,3.061614990234375
9.366666666666667,10.138583183288574
21.4,21.038362503051758
0.0,0.547875702381134
64.15,64.37850189208984
22.7,22.33817481994629
0.0,0.026645125821232796
92.23333333333332,87.71680450439453
7.566666666666666,7.14955472946167
10.683333333333334,10.632415771484375
166.55,153.940185546875
0.0,0.029623426496982574
21.78333333333333,23.524574279785156
22.316666666666663,22.99845314025879
0.0,0.029623426496982574
19.366666666666667,21.322452545166016
1.4833333333333334,0.8293918371200562
9.85,10.711164474487305
34.68333333333333,33.6559944152832
0.0,0.0662040039896965
44.88333333333333,48.82816696166992
95.93333333333334,88.1546859741211
0.0,0.0662040039896965
136.46666666666667,125.51123809814453
241.96666666666667,232.5701904296875
0.0,0.0662040039896965
17.016666666666666,19.38457679748535
22.03333333333333,21.237396240234375
40.41666666666666,42.33011245727539
0.0,0.0662040039896965
36.61666666666667,38.454345703125
0.0,-0.08475253731012344
16.85,15.946011543273926
0.0,0.06442741304636002
33.233333333333334,31.920217514038086
0.0,0.044057875871658325
50.05,75.91231536865234
46.75,44.48052978515625
40.81666666666667,38.164188385009766
0.0,0.13330218195915222
0.0,-0.11766700446605682
0.0,0.07572542130947113
0.0,0.029623426496982574
0.0,0.009461069479584694
96.51666666666668,95.01332092285156
0.0,0.044057875871658325
0.0,-0.08654382079839706
239.86666666666667,259.9925537109375
0.0,0.044057875871658325
125.25,157.87936401367188
20.78333333333333,25.24163818359375
41.21666666666667,41.45908737182617
16.4,17.050745010375977
2.2333333333333334,2.5226645469665527
21.78333333333333,23.56540298461914
15.233333333333333,17.298606872558594
0.0,0.029623426496982574
11.416666666666666,11.802922248840332
1.75,1.2030272483825684
81.5,84.31364440917969
2.35,2.605276346206665
0.0,-7.402314804494381e-05
128.71666666666667,118.83539581298828
0.0,0.0662040039896965
47.66666666666666,53.59382629394531
0.0,0.028319643810391426
0.0,0.029623426496982574
0.0,0.0510520339012146
137.56666666666666,123.43904876708984
0.0,0.0567740723490715
20.73333333333333,25.3012638092041
20.666666666666668,21.59270668029785
0.0,0.029623426496982574
0.0,0.05491715297102928
7.966666666666667,8.205793380737305
22.133333333333333,23.41529083251953
0.0,-0.46193405985832214
45.28333333333333,63.871009826660156
63.03333333333333,68.61915588378906
73.8,77.11751556396484
0.0,0.006829959340393543
21.73333333333333,20.756999969482422
27.666666666666668,26.925537109375
12.466666666666669,11.754005432128906
0.0,0.048762377351522446
0.0,0.029623426496982574
42.53333333333333,42.08092498779297
3.316666666666667,3.1026973724365234
16.7,17.826595306396484
9.133333333333333,10.372359275817871
27.916666666666668,29.094125747680664
107.16666666666669,96.99739074707031
6.133333333333334,6.426713466644287
0.0,-0.01045395527034998
1.8666666666666667,0.9772374033927917
26.566666666666663,26.065561294555664
33.03333333333333,33.33077621459961
0.0,0.029623426496982574
93.16666666666669,102.25408172607422
98.66666666666669,82.60689544677734
0.0,0.029623426496982574
0.0,0.0662040039896965
24.766666666666666,25.49774932861328
320.93333333333334,222.693603515625
48.96666666666667,55.34553527832031
6.2,7.060030937194824
8.283333333333333,9.229589462280273
0.0,0.0662040039896965
0.0,-0.020938390865921974
16.916666666666668,16.404260635375977
42.55,44.771156311035156
18.58333333333333,17.826330184936523
120.31666666666666,118.62743377685547
196.11666666666667,181.1319122314453
8.466666666666667,8.450058937072754
33.88333333333333,38.520389556884766
0.0,0.0662040039896965
25.65,24.746524810791016
4.733333333333333,5.748473167419434
24.05,26.44691276550293
88.76666666666667,103.0167465209961
72.5,84.08003997802734
118.8,120.7077407836914
0.0,0.04594872146844864
14.366666666666667,14.04171085357666
0.0,0.0662040039896965
27.966666666666665,28.984148025512695
34.38333333333333,34.056495666503906
6.866666666666666,6.832951068878174
67.65,62.795013427734375
26.066666666666663,28.721874237060547
103.7,108.64946746826172
0.0,-0.0293430183082819
3.5,3.864511251449585
0.0,0.0662040039896965
0.0,0.009693063795566559
35.71666666666667,39.1095085144043
127.4,121.64798736572266
23.65,24.15266990661621
3.7,3.5528509616851807
0.0,0.06442741304636002
27.7,29.676748275756836
18.08333333333333,19.130884170532227
39.4,39.69255447387695
54.583333333333336,53.60989761352539
0.0,0.014549882151186466
150.0,162.15216064453125
28.216666666666665,31.77876091003418
12.6,14.33380126953125
21.65,21.180252075195312
16.633333333333333,17.28260040283203
19.9,22.447124481201172
0.0,0.0662040039896965
0.0,0.014402304776012897
29.416666666666668,28.653278350830078
9.633333333333333,11.286763191223145
30.683333333333334,51.579864501953125
0.0,0.07338565587997437
86.76666666666667,83.07220458984375
18.816666666666663,20.252166748046875
0.0,-0.013235882855951786
54.016666666666666,60.597469329833984
41.1,57.30596923828125
0.0,0.0058090565726161
99.21666666666668,86.25918579101562
1.5666666666666669,0.884878396987915
77.31666666666666,82.68231964111328
0.0,0.23225745558738708
100.43333333333334,117.62594604492188
0.0,-0.0072048199363052845
64.63333333333334,69.89852142333984
20.516666666666666,19.945987701416016
0.0,0.00011543044820427895
0.0,0.0662040039896965
39.13333333333333,34.10356521606445
44.65,45.326438903808594
21.266666666666666,21.10638999938965
65.68333333333334,227.2466583251953
40.21666666666667,44.20537567138672
115.95,118.60136413574219
232.26666666666668,201.9336700439453
0.0,0.0662040039896965
16.066666666666666,16.74955177307129
172.75,156.5558624267578
0.0,0.055918484926223755
0.0,-0.009185920469462872
8.316666666666666,8.004150390625
15.516666666666667,20.173316955566406
74.38333333333334,68.40888977050781
49.06666666666667,52.11409378051758
391.6833333333333,241.01071166992188
126.46666666666668,100.57818603515625
0.0,0.014549882151186466
9.433333333333334,9.224542617797852
0.0,0.3156828284263611
19.966666666666665,21.021427154541016
0.0,0.0662040039896965
0.0,0.15620991587638855
60.88333333333333,50.1453971862793
87.8,89.69539642333984
0.0,0.06361142545938492
105.58333333333331,101.42584228515625
14.2,14.20261001586914
14.716666666666669,15.533869743347168
80.23333333333333,73.50775146484375
40.41666666666666,39.532344818115234
13.516666666666667,14.866134643554688
0.0166666666666666,-1.8312907218933105
71.6,72.68301391601562
14.716666666666669,16.379302978515625
35.31666666666667,46.887428283691406
84.46666666666667,86.33406829833984
7.9,9.009109497070312
63.7,71.65162658691406
69.3,64.16964721679688
103.71666666666668,102.28887176513672
0.0,0.01115552056580782
129.33333333333334,119.56053161621094
4.283333333333333,4.7503252029418945
0.0,0.01115552056580782
43.16666666666666,95.61615753173828
13.933333333333334,14.108844757080078
5.2,6.064159393310547
34.78333333333333,48.059539794921875
24.33333333333333,25.597476959228516
17.116666666666667,17.652841567993164
12.416666666666666,11.764368057250977
100.4,108.40618133544922
2.833333333333333,3.4456021785736084
0.0,0.06442741304636002
0.0,0.03991086035966873
26.4,25.585437774658203
47.68333333333333,54.448482513427734
45.8,46.16790008544922
0.0,0.00011543044820427895
116.11666666666666,102.37308502197266
0.0,-0.2284805178642273
0.0,0.014549882151186466
57.38333333333333,56.99622344970703
140.65,135.68136596679688
29.666666666666668,28.948261260986328
1.7833333333333334,1.9147298336029053
218.76666666666668,283.2810363769531
0.0,-0.19109083712100983
89.58333333333333,93.98937225341797
30.23333333333333,33.12104034423828
24.78333333333333,27.18174934387207
20.28333333333333,20.924007415771484
114.65,117.33320617675781
0.0,0.024136850610375404
0.0,0.2438516616821289
70.11666666666666,74.93312072753906
33.8,33.461700439453125
0.0,0.01115552056580782
0.0,0.0662040039896965
0.0,-0.0825507715344429
0.0,0.01115552056580782
110.26666666666668,123.99298858642578
0.0,0.02843926101922989
0.0,0.01115552056580782
48.96666666666667,47.14803695678711
7.916666666666667,7.26413106918335
88.95,97.02873229980469
